query_name,ref_name
/notebooks/data/000000.png,/notebooks/data/000005.png
/notebooks/data/000001.png,/notebooks/data/000006.png
/notebooks/data/000002.png,/notebooks/data/000007.png
/notebooks/data/000003.png,/notebooks/data/000008.png
/notebooks/data/000004.png,/notebooks/data/000009.png
/notebooks/data/000005.png,/notebooks/data/000010.png
/notebooks/data/000006.png,/notebooks/data/000011.png
/notebooks/data/000007.png,/notebooks/data/000012.png
/notebooks/data/000008.png,/notebooks/data/000013.png
/notebooks/data/000009.png,/notebooks/data/000014.png
/notebooks/data/000010.png,/notebooks/data/000015.png
/notebooks/data/000011.png,/notebooks/data/000016.png
/notebooks/data/000012.png,/notebooks/data/000017.png
/notebooks/data/000013.png,/notebooks/data/000018.png
/notebooks/data/000014.png,/notebooks/data/000019.png
/notebooks/data/000015.png,/notebooks/data/000020.png
/notebooks/data/000016.png,/notebooks/data/000021.png
/notebooks/data/000017.png,/notebooks/data/000022.png
/notebooks/data/000018.png,/notebooks/data/000023.png
/notebooks/data/000019.png,/notebooks/data/000024.png
/notebooks/data/000020.png,/notebooks/data/000025.png
/notebooks/data/000021.png,/notebooks/data/000026.png
/notebooks/data/000022.png,/notebooks/data/000027.png
/notebooks/data/000023.png,/notebooks/data/000028.png
/notebooks/data/000024.png,/notebooks/data/000029.png
/notebooks/data/000025.png,/notebooks/data/000030.png
/notebooks/data/000026.png,/notebooks/data/000031.png
/notebooks/data/000027.png,/notebooks/data/000032.png
/notebooks/data/000028.png,/notebooks/data/000033.png
/notebooks/data/000029.png,/notebooks/data/000034.png
/notebooks/data/000030.png,/notebooks/data/000035.png
/notebooks/data/000031.png,/notebooks/data/000036.png
/notebooks/data/000032.png,/notebooks/data/000037.png
/notebooks/data/000033.png,/notebooks/data/000038.png
/notebooks/data/000034.png,/notebooks/data/000039.png
/notebooks/data/000035.png,/notebooks/data/000040.png
/notebooks/data/000036.png,/notebooks/data/000041.png
/notebooks/data/000037.png,/notebooks/data/000042.png
/notebooks/data/000038.png,/notebooks/data/000043.png
/notebooks/data/000039.png,/notebooks/data/000044.png
/notebooks/data/000040.png,/notebooks/data/000045.png
/notebooks/data/000041.png,/notebooks/data/000046.png
/notebooks/data/000042.png,/notebooks/data/000047.png
/notebooks/data/000043.png,/notebooks/data/000048.png
/notebooks/data/000044.png,/notebooks/data/000049.png
/notebooks/data/000045.png,/notebooks/data/000050.png
/notebooks/data/000046.png,/notebooks/data/000051.png
/notebooks/data/000047.png,/notebooks/data/000052.png
/notebooks/data/000048.png,/notebooks/data/000053.png
/notebooks/data/000049.png,/notebooks/data/000054.png
/notebooks/data/000050.png,/notebooks/data/000055.png
/notebooks/data/000051.png,/notebooks/data/000056.png
/notebooks/data/000052.png,/notebooks/data/000057.png
/notebooks/data/000053.png,/notebooks/data/000058.png
/notebooks/data/000054.png,/notebooks/data/000059.png
/notebooks/data/000055.png,/notebooks/data/000060.png
/notebooks/data/000056.png,/notebooks/data/000061.png
/notebooks/data/000057.png,/notebooks/data/000062.png
/notebooks/data/000058.png,/notebooks/data/000063.png
/notebooks/data/000059.png,/notebooks/data/000064.png
/notebooks/data/000060.png,/notebooks/data/000065.png
/notebooks/data/000061.png,/notebooks/data/000066.png
/notebooks/data/000062.png,/notebooks/data/000067.png
/notebooks/data/000063.png,/notebooks/data/000068.png
/notebooks/data/000064.png,/notebooks/data/000069.png
/notebooks/data/000065.png,/notebooks/data/000070.png
/notebooks/data/000066.png,/notebooks/data/000071.png
/notebooks/data/000067.png,/notebooks/data/000072.png
/notebooks/data/000068.png,/notebooks/data/000073.png
/notebooks/data/000069.png,/notebooks/data/000074.png
/notebooks/data/000070.png,/notebooks/data/000075.png
/notebooks/data/000071.png,/notebooks/data/000076.png
/notebooks/data/000072.png,/notebooks/data/000077.png
/notebooks/data/000073.png,/notebooks/data/000078.png
/notebooks/data/000074.png,/notebooks/data/000079.png
/notebooks/data/000075.png,/notebooks/data/000080.png
/notebooks/data/000076.png,/notebooks/data/000081.png
/notebooks/data/000077.png,/notebooks/data/000082.png
/notebooks/data/000078.png,/notebooks/data/000083.png
/notebooks/data/000079.png,/notebooks/data/000084.png
/notebooks/data/000080.png,/notebooks/data/000085.png
/notebooks/data/000081.png,/notebooks/data/000086.png
/notebooks/data/000082.png,/notebooks/data/000087.png
/notebooks/data/000083.png,/notebooks/data/000088.png
/notebooks/data/000084.png,/notebooks/data/000089.png
/notebooks/data/000085.png,/notebooks/data/000090.png
/notebooks/data/000086.png,/notebooks/data/000091.png
/notebooks/data/000087.png,/notebooks/data/000092.png
/notebooks/data/000088.png,/notebooks/data/000093.png
/notebooks/data/000089.png,/notebooks/data/000094.png
/notebooks/data/000090.png,/notebooks/data/000095.png
/notebooks/data/000091.png,/notebooks/data/000096.png
/notebooks/data/000092.png,/notebooks/data/000097.png
/notebooks/data/000093.png,/notebooks/data/000098.png
/notebooks/data/000094.png,/notebooks/data/000099.png
/notebooks/data/000095.png,/notebooks/data/000100.png
/notebooks/data/000096.png,/notebooks/data/000101.png
/notebooks/data/000097.png,/notebooks/data/000102.png
/notebooks/data/000098.png,/notebooks/data/000103.png
/notebooks/data/000099.png,/notebooks/data/000104.png
/notebooks/data/000100.png,/notebooks/data/000105.png
/notebooks/data/000101.png,/notebooks/data/000106.png
/notebooks/data/000102.png,/notebooks/data/000107.png
/notebooks/data/000103.png,/notebooks/data/000108.png
/notebooks/data/000104.png,/notebooks/data/000109.png
/notebooks/data/000105.png,/notebooks/data/000110.png
/notebooks/data/000106.png,/notebooks/data/000111.png
/notebooks/data/000107.png,/notebooks/data/000112.png
/notebooks/data/000108.png,/notebooks/data/000113.png
/notebooks/data/000109.png,/notebooks/data/000114.png
/notebooks/data/000110.png,/notebooks/data/000115.png
/notebooks/data/000111.png,/notebooks/data/000116.png
/notebooks/data/000112.png,/notebooks/data/000117.png
/notebooks/data/000113.png,/notebooks/data/000118.png
/notebooks/data/000114.png,/notebooks/data/000119.png
/notebooks/data/000115.png,/notebooks/data/000120.png
/notebooks/data/000116.png,/notebooks/data/000121.png
/notebooks/data/000117.png,/notebooks/data/000122.png
/notebooks/data/000118.png,/notebooks/data/000123.png
/notebooks/data/000119.png,/notebooks/data/000124.png
/notebooks/data/000120.png,/notebooks/data/000125.png
/notebooks/data/000121.png,/notebooks/data/000126.png
/notebooks/data/000122.png,/notebooks/data/000127.png
/notebooks/data/000123.png,/notebooks/data/000128.png
/notebooks/data/000124.png,/notebooks/data/000129.png
/notebooks/data/000125.png,/notebooks/data/000130.png
/notebooks/data/000126.png,/notebooks/data/000131.png
/notebooks/data/000127.png,/notebooks/data/000132.png
/notebooks/data/000128.png,/notebooks/data/000133.png
/notebooks/data/000129.png,/notebooks/data/000134.png
/notebooks/data/000130.png,/notebooks/data/000135.png
/notebooks/data/000131.png,/notebooks/data/000136.png
/notebooks/data/000132.png,/notebooks/data/000137.png
/notebooks/data/000133.png,/notebooks/data/000138.png
/notebooks/data/000134.png,/notebooks/data/000139.png
/notebooks/data/000135.png,/notebooks/data/000140.png
/notebooks/data/000136.png,/notebooks/data/000141.png
/notebooks/data/000137.png,/notebooks/data/000142.png
/notebooks/data/000138.png,/notebooks/data/000143.png
/notebooks/data/000139.png,/notebooks/data/000144.png
/notebooks/data/000140.png,/notebooks/data/000145.png
/notebooks/data/000141.png,/notebooks/data/000146.png
/notebooks/data/000142.png,/notebooks/data/000147.png
/notebooks/data/000143.png,/notebooks/data/000148.png
/notebooks/data/000144.png,/notebooks/data/000149.png
/notebooks/data/000145.png,/notebooks/data/000150.png
/notebooks/data/000146.png,/notebooks/data/000151.png
/notebooks/data/000147.png,/notebooks/data/000152.png
/notebooks/data/000148.png,/notebooks/data/000153.png
/notebooks/data/000149.png,/notebooks/data/000154.png
/notebooks/data/000150.png,/notebooks/data/000155.png
/notebooks/data/000151.png,/notebooks/data/000156.png
/notebooks/data/000152.png,/notebooks/data/000157.png
/notebooks/data/000153.png,/notebooks/data/000158.png
/notebooks/data/000154.png,/notebooks/data/000159.png
/notebooks/data/000155.png,/notebooks/data/000160.png
/notebooks/data/000156.png,/notebooks/data/000161.png
/notebooks/data/000157.png,/notebooks/data/000162.png
/notebooks/data/000158.png,/notebooks/data/000163.png
/notebooks/data/000159.png,/notebooks/data/000164.png
/notebooks/data/000160.png,/notebooks/data/000165.png
/notebooks/data/000161.png,/notebooks/data/000166.png
/notebooks/data/000162.png,/notebooks/data/000167.png
/notebooks/data/000163.png,/notebooks/data/000168.png
/notebooks/data/000164.png,/notebooks/data/000169.png
